{
    "test_metrics": {
        "accuracy": 0.8067,
        "confusion_matrix": [
            [
                149,
                33
            ],
            [
                25,
                93
            ]
        ],
        "classification_report": {
            "0": {
                "precision": 0.8563218390804598,
                "recall": 0.8186813186813187,
                "f1-score": 0.8370786516853933,
                "support": 182.0
            },
            "1": {
                "precision": 0.7380952380952381,
                "recall": 0.788135593220339,
                "f1-score": 0.7622950819672131,
                "support": 118.0
            },
            "accuracy": 0.8066666666666666,
            "macro avg": {
                "precision": 0.7972085385878489,
                "recall": 0.8034084559508288,
                "f1-score": 0.7996868668263032,
                "support": 300.0
            },
            "weighted avg": {
                "precision": 0.8098193760262726,
                "recall": 0.8066666666666666,
                "f1-score": 0.8076637809295757,
                "support": 300.0
            }
        }
    }
}