{
    "test_metrics": {
        "accuracy": 0.7833,
        "confusion_matrix": [
            [
                150,
                32
            ],
            [
                33,
                85
            ]
        ],
        "classification_report": {
            "0": {
                "precision": 0.819672131147541,
                "recall": 0.8241758241758241,
                "f1-score": 0.821917808219178,
                "support": 182.0
            },
            "1": {
                "precision": 0.7264957264957265,
                "recall": 0.7203389830508474,
                "f1-score": 0.723404255319149,
                "support": 118.0
            },
            "accuracy": 0.7833333333333333,
            "macro avg": {
                "precision": 0.7730839288216338,
                "recall": 0.7722574036133358,
                "f1-score": 0.7726610317691636,
                "support": 300.0
            },
            "weighted avg": {
                "precision": 0.7830227453178273,
                "recall": 0.7833333333333333,
                "f1-score": 0.7831691440784999,
                "support": 300.0
            }
        }
    }
}